{"loss": [1.3200396299362183, 0.4232565462589264, 0.2614136040210724, 0.17740052938461304, 0.1329970806837082, 0.10338091850280762, 0.08556204289197922, 0.07120436429977417, 0.05959330499172211, 0.055519238114356995], "accuracy": [0.6123052835464478, 0.8641582131385803, 0.9159257411956787, 0.9410484433174133, 0.9559854865074158, 0.9662280678749084, 0.9716622829437256, 0.9765843749046326, 0.9807525277137756, 0.9815492033958435], "val_loss": [0.5705764293670654, 0.24114049971103668, 0.2557467520236969, 0.1945894956588745, 0.1601390689611435, 0.1256970763206482, 0.12056949734687805, 0.1390364170074463, 0.11886166781187057, 0.12294745445251465], "val_accuracy": [0.8202822804450989, 0.9216936230659485, 0.9150921702384949, 0.9399043917655945, 0.9519121050834656, 0.9609037041664124, 0.9621556997299194, 0.9592533707618713, 0.9659116864204407, 0.9637491703033447]}